{
  "ARIMA": {
    "RMSE": 17.614868797765347,
    "MAPE": 6.408308257957889
  },
  "LSTM": {
    "RMSE": 20.284753331570865,
    "MAPE": 7.3549335825320625
  }
}